CustomerID,Prenom,Nom
293,Catherine,Abel
295,Kim,Abercrombie
297,Humberto,Acevedo
291,Gustavo,Achong
299,Pilar,Ackerman
305,Carla,Adams
301,Frances,Adams
307,Jay,Adams
309,Ronald,Adina
311,Samuel,Agcaoili
313,James,Aguilar
315,Robert,Ahlering
319,Kim,Akers
441,Stanley,Alan
323,Amy,Alberts
325,Anna,Albright
327,Milton,Albury
329,Paul,Alcorn
331,Gregory,Alderson
333,J. Phillip,Alexander
1149,Mary,Alexander
335,Michelle,Alexander
341,Marvin,Allen
343,Michael,Allen
339,Phyllis,Allen
345,Cecil,Allison
347,Oscar,Alpuerto
349,Sandra,Altamirano
351,Selena,Alvarado
353,Emilio,Alvaro
355,Maxwell,Amland
357,Mae,Anderson
359,Ramona,Antrim
361,Sabria,Appelbaum
363,Hannah,Arakawa
365,Kyley,Arbelaez
369,Thomas,Armstrong
371,John,Arthur
373,Chris,Ashton
375,Teresa,Atkinson
377,John,Ault
379,Robert,Avalos
381,Stephen,Ayers
383,Phillip,Bacalzo
389,James,Bailey
391,Douglas,Baldwin
393,Jennifer,Bales
397,Wayne,Banack
405,Robert,Barker
407,Rebecca,Barley
409,Brenda,Barlow
411,Josh,Barnhill
413,Adam,Barr
419,David,Bartness
417,Gytis,Barzdukas
421,Karel,Bates
427,Shaun,Beasley
429,John,Beaver
431,Christopher,Beck
435,Benjamin,Becker
437,Ann,Beebe
439,Shane,Belli
443,Mason,Bendixen
445,John,Bennetts
449,Edna,Benson
453,Max,Benson
451,Payton,Benson
455,Scot,Bent
463,Alexander,Berger
465,John,Berger
471,Robert,Bernacchi
473,Matthias,Berndt
475,John,Berry
479,Chris,Bidelman
481,Mary,Billstrom
483,Jimmy,Bischoff
487,Mae,Black
489,Jackie,Blackwell
385,Daniel,Blanco
491,Donald,Blanton
495,Michael,Blythe
497,Gabriel,Bockenkamp
501,Corinna,Bolender
503,Luis,Bonifaz
387,Cory,Booth
505,Randall,Boseman
507,Stephanie,Bourne
509,Eli,Bowen
511,Lester,Bowman
513,David,Bradley
515,Cornelius,Brandon
517,Richard,Bready
519,Sara,Breer
521,Ted,Bremer
523,Alan,Brewer
525,Walter,Brian
527,Christopher,Bright
531,David,Brink
533,John,Brooks
535,Willie,Brooks
537,Carolee,Brown
539,Jo,Brown
541,Robert,Brown
477,Steven,Brown
543,Kevin,Browne
547,Dave,Browning
545,Mary,Browning
549,Bridget,Browqett
551,Eric,Brumfield
553,Dick,Brummer
555,Michael,Brundage
557,Shirley,Bruner
559,June,Brunner
561,Dirk,Bruno
563,Nancy,Buchanan
565,Janaina Barreiro Gambaro,Bueno
567,Edward,Buensalido
569,Megan,Burke
573,Karren,Burkhardt
577,Dana,Burnell
493,Linda,Burnett
579,Timothy,Burnett
581,Stephen,Burton
583,Deanna,Buskirk
585,Jared,Bustamante
587,Richard,Byham
589,David,Byrnes
591,Ryan,Calafato
595,Mari,Caldwell
597,Barbara,Calone
599,Lindsey,Camacho
601,Gustavo,Camargo
603,DeeDee,Cameron
609,David,Campbell
1295,Frank,Campbell
607,Joan,Campbell
611,Henry,Campen
613,Chris,Cannon
615,Joseph,Cantoni
617,Suzana De Abreu,Canuto
619,Jun,Cao
621,Johnny,Caprio
623,Richard,Carey
625,Carlton,Carlisle
649,Pamela,Carlson
627,Ty Loren,Carlson
629,Jane,Carmichael
631,Jovita,Carmody
633,Steve,Carnes
635,Fernando,Caro
637,Rob,Caron
639,Andy,Carothers
641,Donna,Carreras
643,Rosmarie,Carroll
647,Joseph,Castellucio
651,Raul,Casts
653,Elizabeth,Catalano
655,Matthew,Cavallari
657,Brigid,Cavendish
659,Andrew,Cencini
661,Stacey,Cereghino
663,Baris,Cetinok
665,Sean,Chai
667,Pat,Chambers
669,Forrest,Chandler
671,Lee,Chapla
675,Neil,Charney
683,Yao-Qiang,Cheng
685,Nicky,Chesnut
687,Susan,Chestnut
689,Martin,Chisholm
691,Mike,Choi
693,Ruth,Choin
695,Anthony,Chor
681,Pei,Chow
697,Charles,Christensen
699,Jill,Christie
701,Alice,Clark
703,Gina,Clark
705,James,Clark
707,Jane,Clayton
709,Kristine,Cleary
713,Connie,Coffman
715,Jeanette,Cole
717,Eric,Coleman
719,Pat,Coleman
721,Takiko,Collins
723,John,Colon
725,Scott,Colvin
727,Aaron,Con
729,Peter,Connelly
731,William,Conner
733,Stephanie,Conroy
735,Amy,Consentino
737,Dorothy,Contreras
739,Patrick,Cook
741,Scott,Cooper
743,Eva,Corets
745,Marlin,Coriell
751,Pamela,Cox
753,Jack,Creasey
757,Shelley,Crow
759,Grant,Culbertson
761,Scott,Culp
763,Conor,Cunningham
765,Jose,Curry
769,Ryan,Danner
771,Mike,Danseglio
773,Megan,Davis
775,Alvaro,De Matos Miranda Filho
777,Jose,De Oliveira
779,Jacob,Dean
781,Alexander,Deborde
783,Barbara,Decker
785,Kirk,DeGrasse
787,Aidan,Delaney
789,Stefan,Delmarco
791,Shawn,Demicell
793,Della,Demott Jr
795,Bruno,Deniut
797,Helen,Dennis
799,Prashanth,Desai
801,Bev,Desalvo
767,Thierry,D'Hers
803,Brenda,Diaz
805,Gabriele,Dickmann
807,Holly,Dickson
809,Dick,Dievendorff
811,Rudolph,Dillon
813,Andrew,Dixon
815,Blaine,Dockter
817,Cindy,Dodd
819,John,Donovan
821,Patricia,Doyle
825,Gary,Drury
823,Gerald,Drury
827,Reuben,D'sa
829,Ed,Dudenhoefer
831,Bernard,Duerr
833,Tish,Duff
835,Adrian,Dumitrascu
837,Bart,Duncan
839,Maciej,Dusza
841,Shelley,Dyck
843,Linda,Ecoffey
845,Carla,Eldridge
847,Carol,Elliott
849,Shannon,Elliott
851,Jauna,Elson
853,Michael,Emanuel
855,Terry,Eminhizer
857,John,Emory
859,Gail,Erickson
861,Mark,Erickson
863,Martha,Espinoza
867,Janeth,Esteves
871,Ann,Evans
873,John,Evans
869,Twanna,Evans
875,Marc,Faeber
877,Fadi,Fakhouri
879,Carolyn,Farino
881,Geri,Farrell
883,Hanying,Feng
317,François,Ferrier
889,James,Fine
885,Rhoda,Finley
887,Duane,Fitzgerald
891,Kathie,Flood
893,Jay,Fluegel
895,Kelly,Focht
897,Jeffrey,Ford
913,John,Ford
899,Garth,Fort
901,Dorothy,Fox
903,Judith,Frazier
905,John,Fredericksen
907,Susan,French
909,Liam,Friedland
911,Mihail,Frintu
915,Paul,Fulton
919,Bob,Gage
921,Aldeen,Gallagher
923,Michael,Galos
925,Jon,Ganio
927,Kathleen,Garza
929,Dominic,Gash
931,Janet,Gates
933,Orlando,Gee
935,Darren,Gehring
937,Jim,Geist
939,Barbara,German
941,Tom,Getzinger
943,Leo,Giakoumakis
945,Cornett,Gibbens
947,Frances,Giglio
949,Guy,Gilbert
951,Janet,Gilliat
953,Mary,Gimmi
957,Jeanie,Glenn
959,Diane,Glimp
961,James,Glynn
963,Scott,Gode
965,Mete,Goktepe
969,Brian,Goldstein
973,Linda,Gonzales
971,Lynn,Gonzales
975,Abigail,Gonzalez
977,Michael,Graff
979,Derek,Graham
981,Lowell,Graham
983,Jon,Grande
985,Jane,Greer
987,Geoff,Grisso
989,Douglas,Groncki
991,Brian,Groth
993,Faith,Gustafson
997,Hattie,Haemon
999,Matthew,Hagemann
1001,Erin,Hagens
1003,Betty,Haines
1009,Bryan,Hamilton
1011,James,Hamilton
1015,Jean,Handley
1013,Kerim,Hanif
1047,John,Hanson
1017,Mark,Hanson
1019,William,Hapke
1021,Katherine,Harding
1023,Kimberly,Harrington
1025,Lucy,Harrington
1027,Keith,Harris
995,Greg,Harrison
1029,Doris,Hartwig
1031,Roger,Harui
1033,Ann,Hass
1035,Mark,Hassall
1037,Neal,Hasty
1039,James,Haugh
1041,Jeff,Hay
1043,Brenda,Heaney
1045,James,Hendergart
1049,Valerie,Hendricks
1051,Jay,Henningsen
1053,Jeff,Henshaw
1055,Kari,Hensien
1059,Irene,Hernandez
1061,Jésus,Hernandez
1063,Pam,Herrick
1065,Cheryl,Herring
1067,Ronald,Heymsfield
1069,Sidney,Higa
1071,Onetha,Higgs
1073,Fran,Highfill
1077,Andrew,Hill
1075,Geneva,Hill
1079,Reinout,Hillmann
1081,Mike,Hines
1083,Matthew,Hink
1085,Nancy,Hirota
1087,Rose,Hirsch
1089,Douglas,Hite
1099,Bob,Hodges
1091,David,Hodgson
1093,Helge,Hoeing
1095,Barbara,Hoffman
1101,Jean,Holloway
1107,Juanita,Holman
1105,Eddie,Holmes
1109,Peter,Houston
1111,Curtis,Howard
1113,Joe,Howard
1115,Janice,Hows
1117,George,Huckaby
1121,Arlene,Huff
1119,Joshua,Huff
1125,Phyllis,Huntsman
1127,Lawrence,Hurkett
1133,Lucio,Iallo
1129,Ryan,Ihrig
1131,Beth,Inghram
1135,Richard,Irwin
1137,Erik,Ismert
1139,Denean,Ison
1141,Raman,Iyer
1143,Bronson,Jacobs
1145,Eric,Jacobsen
1147,Jodan,Jacobson
337,Sean,Jacobson
1151,David,Jaffe
1153,Jay,Jamison
1157,Joyce,Jarvis
1159,George,Jiang
1161,Stephen,Jiang
1155,Vance,Johns
1169,Barry,Johnson
1171,Brian,Johnson
1165,Danielle,Johnson
1173,David,Johnson
1167,Greg,Johnson
1163,Samuel,Johnson
1175,Willis,Johnson
1177,Tamara,Johnston
367,Tom,Johnston
1181,Brannon,Jones
1183,Jean,Jordan
1185,Peggy,Justice
1195,Sandeep,Kaliyath
1197,John,Kane
1199,Lori,Kane
1205,Sandeep,Katyal
1209,Kendall,Keil
1211,Victor,Kelley
1213,John,Kelly
1215,Robert,Kelly
1249,Jim,Kennedy
1217,Kevin,Kennedy
1265,Mitch,Kennedy
1219,Mary,Kesslep
1223,Elizabeth,Keyser
1227,Imtiaz,Khan
1229,Karan,Khanna
1233,Jim,Kim
1231,Joe,Kim
1235,Shane,Kim
1237,Tim,Kim
1251,Kirk,King
1239,Russell,King
1241,Anton,Kirilov
1191,Sandra,Kitt
1243,Christian,Kleinerman
1245,Andrew,Kobylinski
1247,Reed,Koch
1253,Eugene,Kogan
1255,Scott,Konersmann
1257,Joy,Koski
1259,Pamala,Kotc
1261,Edward,Kozlowski
1187,Diane,Krane
1201,Judith,Krane
1203,Kay,Krane
1269,Margaret,Krupka
1271,Deepak,Kumar
1273,Jeffrey,Kung
1275,Vamsi,Kuppa
1279,Peter,Kurniawan
1277,Jeffrey,Kurtz
1281,Eric,Lang
1283,Rebecca,Laszlo
1285,Cecilia,Laursen
1287,David,Lawrence
1289,Elsa,Leavitt
1293,Marjorie,Lee
1297,Mark,Lee
1291,Michael,Lee
1299,Robertson,Lee
1301,Jolie,Lenehan
1303,Roger,Lengel
1305,A.,Leonetti
1307,Bonnie,Lepro
1309,Gloria,Lesko
1311,Linda,Leste
1315,Judy,Lew
1317,Elsie,Lewin
1319,George,Li
1321,Yale,Li
1323,Yan,Li
1325,Yuhong,Li
1327,Joseph,Lique
1329,Paulo,Lisboa
1331,David,Liu
1333,Jinghao,Liu
1335,Kevin,Liu
1337,Run,Liu
1339,Todd,Logan
1341,Kok-Ho,Loh
1343,John,Long
1345,Sharon,Looney
1349,Spencer,Low
1351,Anita,Lucerne
1353,Jose,Lugo
1355,Richard,Lum
1357,Judy,Lundahl
1361,Helen,Lutes
1363,Robert,Lyeba
1365,Sharon,Lynn
1367,Robert,Lyon
1369,Jenny,Lysaker
1371,Denise,Maccietto
1373,Scott,MacDonald
1377,Patrick,Magenheimer
1379,Kimberly,Malmendier
1381,Ajay,Manchepalli
1383,Parul,Manek
1385,Tomas,Manzanares
1387,Kathy,Marcovecchio
1391,Melissa,Marple
1393,Cecelia,Marshall
1403,Frank,Mart¡nez
1395,Benjamin,Martin
1397,Linda,Martin
1399,Mindy,Martin
1405,Steve,Masters
1407,Joseph,Matthews
1409,Jennifer,Maxham
1411,Chris,Maxwell
1413,Sandra,Maynard
1375,Walter,Mays
1419,Stacie,Mcanich
1421,Katie,McAskill-White
1423,Lola,McCarthy
1425,Jane,McCarty
1415,John,McClane
1427,Nikki,McCormick
1429,James,McCoy
1431,Christinia,McDonald
1433,Alejandro,McGuel
1417,Robin,McGuigan
1435,Yvonne,McKay
1437,Nkenge,McLin
1439,Nancy,McPhearson
1441,Nellie,Medina
1443,Raquel,Mello
1447,R. Morgan,Mendoza
1449,Tosh,Meston
1453,Stephen,Mew
1459,Deanna,Meyer
1455,Eric,Meyer
1457,Helen,Meyer
1461,Gary,Meyerhoff
1463,Ramesh,Meyyappan
1465,Thomas,Michaels
1467,Jan,Miksovsky
1475,Ben,Miller
1477,Dylan,Miller
1473,Emilo,Miller
1479,Frank,Miller
1471,Matthew,Miller
1469,Virginia,Miller
1483,Linda,Mitchell
1481,Neva,Mitchell
1485,Scott,Mitchell
1489,Joseph,Mitzner
303,Margaret,Smith
1795,Laura,Steele
1797,Shanay,Steelman
1801,Stefano,Stefani
1803,Alan,Steiner
1811,Alice,Steiner
1805,Derik,Stenerson
1807,Vassar,Stern
1809,Wathalee,Steuber
1813,Liza Marie,Stevens
1815,Jim,Stewart
1817,Judy,Storjohann
1821,Robert,Stotka
1823,Kayla,Stotler
1825,Charles,Strange
1827,Ruby Sue,Styles
1829,Min,Su
1831,Gary,Suess
1833,Ruth,Suffin
1835,Elizabeth,Sullivan
1837,Michael,Sullivan
1839,Marcia,Sultan
1841,Nate,Sun
1843,Krishna,Sunkammurali
1845,Brad,Sutton
1851,Katherine,Swan
1849,Abraham,Swearengin
1855,Shelly,Szymanski
1857,Julie,Taft-Rider
1859,Clarence,Tatman
1861,Damon,Taylor
1865,Denis,Taylor
1863,Mike,Taylor
1869,Chad,Tedford
1871,Sameer,Tejani
1873,Vanessa,Tench
1867,Jeff,Teper
1875,Judy,Thames
1877,Karen,Theisen
1879,Ram,Thirunavukkarasu
1883,James,Thomas
1881,Phyllis,Thomas
1889,Daniel,Thompson
1885,Donald,Thompson
1887,Kendra,Thompson
1891,Andrea,Thomsen
1893,Rossane,Thoreson
1895,Yuping,Tian
1897,Mike,Tiano
1899,Diane,Tibbott
1901,Danielle,Tiedt
1903,Tony,Ting
1905,John,Tippett
1909,Delia,Toone
1911,Alvin,Torre
1913,Anna,Townsend
1915,Glenn,Track
1917,Abe,Tramel
1923,Doris,Traube
1925,Jean,Trenary
1927,Billy,Trent
1929,David,Trolen
1931,Michael John,Troyer
1933,Christie,Trujillo
1935,Lynn,Tsoflias
1937,Gracia,Tuell
1939,Phyllis,Tuffield
1943,Sairaj,Uddin
1945,Sunil,Uppal
1947,Mary,Vaca
1949,Rachel,Valdez
1953,H.,Valentine
1955,Jessie,Valerio
1951,Esther,Valle
1957,Johnathan,Van Eaton
1959,Roger,Van Houten
1961,Mandy,Vance
1963,Rose,Vandenouer
1965,Gregory,Vanderbout
1967,Michael,Vanderhyde
1969,Margaret,Vanderkamp
1971,Kara,Vanderlinden
1977,Gary,Vargas
1975,Nieves,Vargas
1979,Ranjit,Varkey Chudukatil
1981,Patricia,Vasquez
1983,Raja,Venugopal
1985,Kevin,Verboort
1987,Dora,Verdad
1989,Wanda,Vernon
1991,Robert,Vessa
1993,Caroline,Vicknair
